Text,Sentiment
понятно зацепить данный спектакль зритель сюжет поверхностный образ герой проработать никакой искра ощущаться принцип ощущаться вокальный дать второстепенный герой намного главный действовать лицо,Negative
очень плохой звук сидеть центр угол ряд примерно напротив правый окончание сцена расслышать петь хором невозможно громкость шипение свистения пр многий сольный ария драматургия незамысловатый реальность отношение иметь главный актёр пожалуй петь неплохо всё остальной перевешивать,Negative
мюзикл вызвать никакой эмоция относительно постановка который играться культурный столица наш страна мюзикл показаться завораживать думать мой мнение схожий другой зритель бурный овация спешить скорый покинуть зал,Negative
интересно настоящий негативный отзыв накидываться купить положительный судить полупустой зала давно понять вроде претензия качество видно вложить немало деньга производство декорация целое получиться очень очень плохо самый отвратительный это звук слово разобрать вообще конец начало пытаться читать губа невнятный сюжет недоработать персонаж никакой симпатия никто вызвать абсолютно раскрыть любовный тема стоцкий проходить весь спектакль рука карман ухмылка ощущение делать одолжение свой присутствие натужный место пение вызывать сочувствие понравиться оркестр красивый баритон один актёр,Negative
разочарование предел музыка невразумительный слово либретто непонятный первый сцена аэропорт актёр петь невпопад сначала подумать специально логический объяснение такой профессионализм найти рифма песня отсутствовать данность сюжет история антигерой сомнительный моральный качество который баба вечно мешать заниматься любимый дело играть шахматы история нелогичный шахматист который год угробить семейный личный жизнь стать предатель свой родина конец совершить социальный самоубийство лайкать живой оркестр который расположить оркестровый холм яма номер бюрократический проволочка жизнь политический беженец который вызвать искренний смех злоба день голос хороший рекомендовать,Negative
искренне понимать почему столько восторженный отзыв каждый свой неплохой постановка мой мнение москва гораздо зрелищный мюзикл оперетта десятибальный шкала поставить,Negative
абсолютно логически связанный спектакль мотивация главный герой никак объясняться смотреть неинтересный,Negative
суббота мюзикл шахматы глубина возмутить такой антипатриотичный постановка особенно казаться сценарий говорить любовь измена любовный треугольник сидеть мой душа глубоко нравственно морально просмотр неприятно оскорбить сцена бангкок вопрос организатор шоу хотеть показать развращение который буквально течь сцена затмевать быть спектакль забыть показывать такой сцена одевать мужчина женский транслировать сексуальный грязь зал совершенно буквально прекрасный игра музыкант очень тонкий находка композиция аранжировка великолепный вокал жена русский гроссмейстер вокальный дать американский шахматист совершенно дивный партитура хор хотеться спросить автор постановка это кто хотеть сказать режим советский союз хороший это исторический факт видеть американец особо сильно критиковать свой режим ещё сравнивать россия власть тот настоятельно рекомендовать обратить внимание министерство культура роскомнадзор иной структура рада спектакль дойти вручение маска это возмутительно россия свобода слово мысль запрет разврат число моральный разложение,Negative
очень купить отзыв игра актёр неплохой остальной это вокал звук неразборчивый крик сюжет подкидывать кусок хореография уровень средний школа очень жалеть повестись отзыв,Negative
говорить ужасный мюзикл поверить весь спектакль слушабельный песня отстой бывать время неизвестный мюзикл весь плейлист добавлять это случай плохо отстроить звук оркестр забивать голос хор вообще непонятно петь спасибо стоцкий всё,Negative
разочаровать зацепить запомниться вроде артист стараться выкладываться случиться,Negative
ужасный сценарий диалог проработать конфликт возникать пустой место следствие минимальный эмпатия персонаж звук очень плохо выставить петь один человек получаться кокофония ходить мдм призрак опера небо земля какой сравнение это произведение идти единственный плюс стоцкий отлично петь тащить вообще смотреть,Negative
разочаровать читать отзыв покупка всё грохотать слово разобрать запоминаться мелодия скучно слово ещё сюжет антисоветский плохой парень кгб хотя зал звучать овация крик браво странно артист выкладываться молодец вина старание поставить звезда,Negative
исполнитель оркестр претензия всё высокий уровень приятно удивить анастасия стоцкий ожидать музыка зацепить конец второй акт начать откровенно уставать особо отметить александр маракулин партия это нечто,Negative
самый плохой видеть откуда столько восторженный отзыв понимать видимо купить мочь дождиться антракт уйти первый минута разобрать петь особенно актёр петь вместе звучать какой сплошной монолог надоженный музыка слышаться протянуть слог переодичёска переходящий ор место визг удивить один актёр мочь запомнить текст рифма мелодичность голос хороший петь отдельность спокойно надрыв стараться перекричать оркестр сюжет захватывать заявлена стоцкий увидеть играть другой актриса разочарование полный выступать стыдно ничто зацепить полный провал сочувствовать человек который прочитать положительный отзыв купить дешёвый билет потратить пустой свой время,Negative
это мюзикл создать западный автор западный зритель русский немой показать убогий агрессивный человек который понимать свой интерес жить ребёнок игра русский актёр прекрасный менять выходить зрительный зал слегка оплевать единственный герой который вызывать эмпатия американец,Negative
немного хватить романтик целое интересный история,Negative
нормально рекомендация взять мдм очень плохой звук,Negative
хотеть написать несколько слово спектакль целое исполнение постановка понравиться музыкально эмоционально второй пойти первый отвратительный звук такой впечатление качество звукорежиссёр прочий музыкальный оформитель привлечь человек весьма средний квалификация низкий частота задавить напрочь звук смотреть внутрь сцена поэтому повышение громкость текст разобрать дребезжать начинать коротко тухляк сюжет этот спектакль год классический антисоветский пропагандистский сюжет который советский злодей превратить шахматы арена политический борьба убеждённый подобный спектакль место российский сцена молодой поколение хавать такой пропагандистский сюжет чистый монета угадываться компиляция событие связанный корчный фишер так далее резюме жаль потратить деньга время,Negative
вообще понравиться хотя мюзикл оч любить сценарий неинтересный непонятно фокус отношение политика размываться весь сюжет звук нк оч качественный слышный петься половина песня угадывать отдельный слово,Negative
идти мьюзикл предвкушение прекрасный столько хвалебный отзыв увы первый акт уснуть очень скучный сюжет тёмный тон второй акт весёлый событие разворачиваться быстро голос актёр прекрасный это балл оркестр верх отличный задумка сюжет очень скучный минус декорация очень скромный этакий минимализм весь сравнивать мюзикл театр оперетта очень динамичный яркий красивый декорация костюм такой увидеть,Negative
честно говорить мюзикл впечатлить абсолютно вроде элемент жанр место актёр неплохой музыка написать грамотно цеплять причём такой мнение мой знакомый сидеть рядом зритель обмениваться впечатление кроме хотеться отметить звуковик четверть спектакль мочь нормально настроить звук голос актёр визжать слышный музыка время который спектакль ставиться отладить процесс,Negative
масштабный реклама ожидание выше целое нормально зрелищно декорация оркестр живой колосник минус жирный звезда звук очень громко слышный звукорежиссёр никакой акустика зал второе мдм пойти кстати ещё обзор проблема очень широкий зал фланговый полсцена видно сольный партия ещё слушать коллективный слово разобрать жалко актёр столько народ трудиться глотка рвать всё напрасно поэтому куаркод доступный фото видея аудио материал переслушать весь мюзикл узнать петь это плюс второй минус звезда текст тот слово разобрать прямо скажем литературный шедевр такой впечатление английский текст напрямую перевести адаптация стихосложение русский например ждать фраза закончиться один сочетание слог заканчиваться тот сторона музыка создатель абба очень узнавать напрямую использовать некоторый кусок мелодия ход это очень здорово замысел пьеса плохой некоторый партия нынешний время углядеть крамола режиссура отдельный момент вызывать вопрос некоторый ария вклеить нарочно плохо связать остальной сюжет стоцкий дурной короче развеяться брать дорогой билет иметь смысл,Negative
спектакль очень понравиться прекрасный работа весь команда очень хороший голос великолепный хор работа звукорежиссёр безупречный красивый постановка чудесный провести вечер спасибо,Negative
мюзикл шахматы сожаление произвести впечатление подкачать музыка хит мелодия вокальный партия слушаться труд текст бытовой сюжет широкий публика оркестр очень стараться кроме медный духов бич многий оркестр порекомендовать,Negative
это первый мюзикл петь плохо понятно история показать особенно финал сходить обычный театр,Negative
уйти антракт петь ясно актёр жить роль понравиться оркестр целое советовать данный мюзикл советовать сходить анна каренин,Negative
сравнивать анна каренин король артур театр оперетта очевидный разница уровень постановка качество песня текст исполнение сопереживать герой образ трогать всё стиль проходной сериал центральный тв друг сказать поход это массмаркет идти оказаться право сожаление девушка впечатлиться уйти антракт,Negative
столько положительный отзыв скучно звук ужасный половина текст понять мюзикл это сказка герой положительный отрицательный плохой кто переживать харизма один герой актуальность спектакль понимать деньга вложить блин правда считать время такой род спектакль очернение ссср страшный кгб так далее прекрасный америка вообще запад прекрасно уверять сбивать молодёжь толк убрать это,Negative
понравиться стоцкий орало петь мимо нота ужас слушать невозможно игра сомнительный уровень сюжет блин мы показывать контент плохой дурной русский тупой кгбэшник беееий это вообще мы такой дерьмо показывать уважение какой оно история вымышленнный такой сергиевский жизнь прожить ссср емая ощущение отравить,Negative
впячетление произвести затронуть один песня половина слово понимать разачаровать,Negative
любитель,Negative
уйти второй часть скучно слишком долго разыгрывать шахматный партия,Negative
уйти первый действие скукотище мьюзикл это первый очередь шоу близко хореография уровень колхозный самодеятельность костюм туда текст песня удивительно убогий вокал впечатлять это следовать помножить жара практически полный отсутствие вентиляция мдм твёрдый единица очень плохо,Negative
год мечтать посетить мюзикл купить билет хороший место разочароваться просмотр скудный декорация нескладный текст банальный сюжет хороший увидеть услышать это оркестр,Negative
история интересный надрывный пение стоцкий еле выдержать бобёр очень мерзкий пение гордеев ив просто спасать желание уйти настолько чистый пение чёткий слово голос пробирать мурашка,Negative
посмотреть удовольствие,Negative
мы понравиться сравнение другой мюзикл очень слабый декорация костюм сюжет довольно сложно витиеватый еле конец сидеть цветок вручить нужно ждать пока актёр переодеться задний вход мы объяснить приехать букет домой разочарование вечер полный,Negative
впечатлить,Negative
честно ващий очень,Negative
понравиться исполнять партия именно план вокал полина гагарин великолепно анастасия стоцкий понравиться накануне посетить мюзикл исус христос сз небо земля исус христос форэвэ,Negative
целое хороший мюзикл главный герой петь плохой второстепенный персонаж стоцкий порадовать,Negative
скучно жалко понравиться,Negative
эффектный оформление декорация скучно захватить,Negative
сначала понравиться невероятный глубокий трогательный вокал александр суханов анна гученкова прекрасный оркестр танцевальный номер понравиться сольный ария анастасия стоцкий один сцена появляться бэк вокал причём голос бэквокалистка гораздо звонкий забивать стоцкий очень сложно слушать бобров начало действие голос скрипучий неприятный петь соло свой детство мать голос приятный нераздражающий понимать действие требовать какой яркий костюм мюзикл ждать праздник первый очередь очень серо второе действие живой лёгкий просмотр тема такой мюзикальный больший часть первый отделение следить оркестр сцена захватить реомендуть это представление,Negative
понравиться таки постановка мдм это мой,Negative
мюзикл зайти понимать восторженный отзыв раскрыть история любовь предательство гениальность партия главный герой безликий монотонный один произведение запомниться граф орлов анна каренин смотреть,Negative
купить билет почитать отзыв посмотреть трейлер подумать наверно грандиозный итог оправдать ожидание билет дорогой ещё яндекс актуализировать купить место зал прийтись час потратить найти свободный место зал комиссия брать цена билет рекомендовать,Negative
ожидать больший масштабный представление отличный декорация мощный голос знать это связать акустический техника микрофон так п одиночный партия периодически возможно разобрать слово групповой понятно сюжет вроде интересный злободневный всё настолько скомкать трудно догадаться почему происходить особенно разбирать что петь пара партия вообще выбиваться основной сюжетный линия хотя исполнить чисто,Negative
муж понравиться оба душа схематично любовь главный герой чувствоваться вообще весь мюзикл набор номер первый действие уйти второе немного живой интересный плюс живой оркестр прекрасный вокальный артистичёска казьмин роль американский шахматист молоков жена русский шахматист ива раздражать политический подоплёка событие целое сопровождаться исторический фото экран зайти чисто европейский американский продукт идти стоцкий целое понравиться подходить роль играть вокальный средне вытягивать мой фаворит оставаться мюзикл театр оперетта анна каренин граф орлов монт кристо душевный каренин вообще технически весьма сложный спектакль двигаться декорация экран пригласить фигурист великолепный оперный ария сюжет балетный массовка шикарный костюм поезд сходить лансковать дольников гусев маракулин ермак кирюхин так далее,Negative
мюзикл шахматы спектакль понравиться плюс хороший голос артист минус сюжет впечатлить музыка совершенно блёклый незапоминаться цена буфет просто аховый эспрессо рубль плохой персонал обслуживание гардероб предложить бинокль напрокат залог рубль возвращаться сотрудник слово сказать часто бывать другой театр часто брать бинокль просмотр спектакль подумать деньга мочь вернуть залог залог возвращение бинокль деньга возвращать итог гардероб спектакль забирать вещь отдать бинокль вместе номерок залог вспомнить выйти дверь сам мдм попытаться вернуться пропустить рамка металлоискатель охранник кой штука пять обсмеять подойти молоденький сотрудник гардероб достаточно грубый форма объявить деньга бинокль возвращаться развернуться уйти итог никто рекомендовать посещать мдм гость заслуживать такой пренебрежительный хамский отношение такой деньга это просто свинство,Negative
красивый реклама постановка плохой,Negative
бесконечный шум ор рифма голос,Negative
понимать восторженный отзыв разочаровать петь похоже никто уметь орать сцена сюжет банальный декларация ужасный стоцкий уходить очень высоко голос слушать это невыносимый шахматист ссср подмен петь единственный произвести впечатление секундант шахматист ссср,Negative
сюжет недотянуть голос особо голос персонаж остальной повысить тон зал заплыть кровь скрип колонка судья топ америкашка год красавчик имхо слишком пафос постановка,Negative
ужасно понравиться выбирать мюзикл молодой человек отзыв первый место несколько платформа настроение зал ясно скучно серо тот антракт предлагать р сделать фотография пока ждать ресторан закрыться рядом ресторан работать прийтись идти фарш сходить спектакль первый свидание очень романтичный весёлый смешной момент,Negative
актёр качество декорация организация постановка это достойно сюжет это надоесть хватить территория наш страна заниматься такой культурный вредительство сколько навязывать наш гражданин эмоция ущербность никчёмность откровенно восхвалять другой страна итог смотреть сильный сторона постановка вид актёр декорация качество пр понравиться эмоция остаться отрицательный,Negative
достаточно посредственный мюзикл понимать большинство восторженный отзыв заказной досидеть антракт решить уйти тратить время гардероб антракт небольшой очередь основное пытаться петь слово который нужно просто говорить получаться песня музыка фоновый плюс интересный интерактивный декорация стоцкий впечатлить актёр петь американский шахматист иметь очень гнусавый голос вобщий туда взять спектакль понравиться короткий пение жена советский шахматист жаль петь немного оценка дать первый отделение второй остаться рекомендация стоить тратить деньга время сходить музыкальный концерт известный произведение толк,Negative
понимать откуда столько восторженный отзыв многий постановка впервые разочароваться жалко потратить деньга осталтсить конец оади приличича мюзикл сюжет захватывать текст песня отработать слишком слово вообще очень сложно понять петься просто монолог который пытаться петь растягивать последнией слово удивительно актёр вообще запомнить текст песня мелодичность рифма взгляд неудачный постановка актёр шикарный голос молодец положительный отзыв возможно проплатить либо это фанат звезда,Negative
единственный понравиться вокал исполнительница главный героиня просто орать пение вообще голос вообще жаль заранее узнать состав покупка билет очень хотеться увидеть послушать стоцкий её испортиться всё впечатление хотя постановка отличный супер оркестр приятный музыка всё испортить актриса исполнять главный роль,Negative
спектакль понравиться претендовать исторический сам дело событие показать точность наоборот знать любовный драма воткнуть любой ситуация кстати сам драма зацепить говорить станиславский верить касаться музыкальный составлять мамма мия призрак опера этот спектакль далеко,Negative
ожидать больший спорт политика стоить смешивать жизнь постановка уйти антракт,Negative
слово разобрать сценарий очень примитивный проработать,Negative
поставить мюзикл прекрасно декорация костюм сюжет подборка актёр однако вокальный дать некоторый оставлять желать хороший стоцкий неплохой некоторый место петь прямо визжать оглохнуть сильный впечатлить голос ив прямо мурашки настолько прекрасно звучание абсолютный разочарование текст песня рифма отсутствовать слово оригинал смотреть слушать набор слово видимо создатель хватить деньга профессиональный перевод построение рифма это таки песня который должный трогать запоминаться,Negative
игра труппа солист выше всякий похвала постановка полный убожество сначала думать сделать аналог западный постановка это калька вопрос друг какой дно пробить ставить это россия заретушировать русофобия который прикрываться великолепный голос актёр сам постановка клише клише затереть клише давно заметить западный культура опуститься уровень средний школа россия давать это приз премия главный идея мюзикл трудно определимый центральный линия понятный мотив главный герой вообщий сходить стоить послушать голос солист отличный работа орхестра,Negative
ожидать больший,Negative
уйти первый часть такой один жуткий зрелище что петь непонятно тот кто слон ухо наступить стоцкий демонстративно халтурить вытягивать свой партия попадать нота вообще вероятно всё надоесть один каждый день автомат скакать сцена туда сюда откровенно жать свой ария общий идти смотреть её смотреть нечего рекомендовать,Negative
самый ужасный мюзикл мдм ходить который идти мдм прекрасный кроме сплошной разочарование сюжет бессвязный непродуманный стоцкий орало петь мюзикл видимо плохо настроить микрофон друг мюзикл понравиться играть петь прям восхитить разочарование весь случиться,Negative
шок разница ожидание реальность столько реклама дело петь орать аж ухо закладывать голос испанский стыд текст песня примитивный рифма половина песня разобрать сюжет написать коленка герой сочувствие проникнуться итог понять любовь важный победа наоборот хотеть уйти половина досидеть конец жаль потратить деньга,Negative
понять слово час пение сюжет такоговый неразличимый текст понять происходить сцена догадаться невозможно стоцкий хватать дыхание фраза,Negative
очень скучный мюзикл труд досмотреть конец,Negative
ходить дарить мама билет день рождение очень громко петь разборчиво понятно конец разболеться голова хотеться уйти поверить главный герой чувство женщина основный героиня просто проорать весь мюзикл это провал костюм декорация средне зал мдм вообще отдельный история кресло ужасный пройти свой место невозможно нужно встать пройти обновить кресло сидеть партер ряд позор просто стоить свой деньга абсолютно заплатить билет комиссия рекомендовать хотеться вернуть потратить деньга никакой позитивный эмоция остаться мюзикл верить огромный проплатить количество восторженный отзыв,Negative
нудно оправдать надежда,Negative
мюзикл эконом вариант хороший вариант взгляд,Negative
мюзикл отличный навязчивый фотограф каждый портить настроение,Negative
неудачный постановка зря потратить время,Negative
сначала подумать петь какой английский точно язык солист запеть русский общий петь сольно менее понятно речь хоровой партия никуда сюжет выразиться политический слишком хотеть развеяться снова окунуть разбирательство два держава юмор понятно такой мюзикл общий скучно,Negative
понравиться оркестр петь актёр голос качество исполнение музыка понравиться отсутствие сюжет предсказуемый банально скучно очередной очернение русский странно медведь бабалайка ушанка выпустить сцена голубой повесточка половина час бесполезно провести время,Negative
сходить называть мюзикл сюжет примитивный антисоветчина утрировать сотрудник спецслужба ссср вообще сюжетный линия годиться именно мюзикл условие принятие какой препарат исполнитель петь уметь исполнитель труппа остальной говорить великий градский манерничать постоянно переходить визг прочее хоровой пение полный провал человек создавать ощущение вороний гвалт мдм ребята берет немалый деньга билет мочь настроить звук мало больший часть исполнитель визжать постоянный диссонанс оркестр вокал омерзительно настроить акустика высокий частота резонировать хотеться выбежать зал ощущение включить пожарный тревога зал стойка звукооператор пульт который править звук режим реальный время видеть либо контуженый сомнительный личность докапываться фойе каждый секунда напомнить туристический зона питер плохой реинкарнация один мюзикл тот проходить театр оперетта такой треш жаль деньга потратить время мдм нога p s проводить квн это хотя год назад получаться,Negative
место зрелищно целое достаточно нудно мочь сказать остаться больший впечатление мьюзикл,Negative
довольно проходная мюзикл смысл поставить неимение хороший сравниться звук музыка mamma mia поставить ранее театр сюжет стандартный персонаж сделать трафарет любовный линия совершенно захватывать смотреть шахматный политический разборка ссср сша большой удовольствие доставлять политика край музыкальный план спектакль довольно слабый бангкок пара сольный партия весьма хороший явно недостаточно двухчасовой мюзикл отдать должное артист задействовать спектакль кирилл гордеев очень харизматичный александр бобёр идеально попасть образ свой герой денис дэмкива вообще идеальный роль судья немного понравиться игра юлия ив хотя очень красивый голос анастасия стоцкий впечатлить целое сказать спектакль шахматы обязательный посещение p s хотеть посмотреть настоящий классный музыкальный спектакль сходить цдр сокол фабричный девчонка идти редко стоить,Negative
странный сюжет советский шахматист выигрывать американский влюбляться жена тот уходить свой наш бросать жена сын эмигрировать год очередной чемпионат бывший наш просить проиграть игра бангкок привозить сын бывший жена также обещать отпустить отец возлюбить якобы находиться тюрьма ссср наш герой поехать обратно ссср ради хотя возлюбить верить отец живой просить сцена декорация красивый современный рыжий актриса американец петь играть остальной средне танец другой мюзикл музыкант играть наверху фонограмма разница,Negative
слишком разрекламировать мюзикл понравиться,Negative
зайти голос насладиться некоторый раздражать кричать последний сила второй точно пойти,Negative
attention понравиться это мой мнение иметь право это самый ужасный постановка мой жизнь единственный плюс это оркестр большой спасибо вывозить шансон понятный дисней артист петь понятно петь голос разный слово это извинить перебор также хореография хромать элемент выполняться синхронно понять некоторый сцена приходиться напрягать мозг забывать предыдущий сцена некоторый сцена вообще понятный что вообще вокал исполнение последний сцена это атас полный мюзикл вообще заявить любовь шахматы любовь косой кривая женщина терпеть прощать муж который предать родина сын мюзикл жалко первый очередь зритель антракт уйти половина зал вернуться постановщик это нормально ваш спектакль уходить ползать хотеть досматривать вообще видеть сделать слышать звук видеть хореография это просто мрак,Negative
просто ужас многие уходить рот актёр каша расслышать смешно убогость текст,Negative
понравиться всё сам порог навязчивость персонал просто давать пройти фото везде платно сам история очень трагичный игра актёр посредственный костюм скромный шахматы название,Negative
далеко самый хороший мюзикл немой отзываться слово время пение порой разобрать сюжет вполне обычный,Negative
понравиться вообще музыка слишком громкий постановка вообще сам постановка интересный зря выбросить деньга,Negative
ооочень скучно пресный малыш,Negative
сценарий русофобный перформанс высокий уровень,Negative
мюзикл понравиться слово разобрать музыка слишком громкий неподходящий аппаратура сюжет слишком обычный стоить потратить время,Negative
ставить слышный очень смазать мдм шахматы расстроить,Negative
музыка классный исполнение отличный аккапелла партия голос оперный исполнение эмоция такой сюжет показать никак невозможно просто невозможно сделать серый мюзикл пробть черно белый имить серый встреча таверна такна раскрыть акцентировать подброса поддержка девушка одетый стиль канкан ровно один пара танцор захачлай попытка реально зажечь раскрыть мюзикл всё аросто нераскрытый показна битва шахматист показать это представлять показать никак начало чемпионат проиграть форест гампа война вьетнам мочь сказать один хотеть сказать вьетнам герой бросать семья сын мальчик появляться ровно первый последний сцена капец раскрыть тема зал заплакать это черно белый мюзикл натяг классный музыка пение речь накал эмоция вообще вообще прям покерфейс потрясать свой красота сила серость,Negative
второй третий состав впечатлить голос сам постановка читать отзыв разочароваться,Negative
игра бесподобный спекталь донельзя политизировать клише клише очень понятный мотив герой сопереживание никто вызвать мораль особый,Negative
звук проблема слово песня непонятный хватить зрелищность танец,Negative
скучный мюзикл скомкать сюжет половина слово песня разобрать актёр нота попадать просмотр прийтись заходить интернет читать сюжет оказаться сюжет значительно разниться оригинал многое убрать переделать плюс декорация,Negative
жанр мюзикл увы самый хороший постановка мдм,Negative
необоснованно распиаренный мюзикл постановка лихо закрутить сюжет говорить реклама интернет сюжет особо драма напряжение тема холодный война описание никак раскрыть кроме шахматист ссср сша возможно хватить актёрский игра трудно сказать именно разочаровать,Negative
очень скучно необоснованно дорого интересный сюжет наигранно,Negative
оркестр великолепный актёр играть американец харизматичный пластика уровень плюс закончиться партия странный петь человек одновременно непонятно задумка неплохой реализация особенно игра многий актёр точнее отсутствие игра просто играть сильно переигрывать складываться ощущение сидеть спектакль детский сад этот фактор развязка получиться смазать герой сопереживать текст звучать писать коленка,Negative
постановка показаться неискренний вроде глубокий чувство трагизм пронзительность спектакль задействовать несколько актёрский состав весь видимость день выступать нигде указать сожаление хотеться видеть сцена полюбиться гордеев казьмин удаться,Negative
слишком реклама соответствовать такой количество положительный отзыв песня который писать это факт просто крик микрофон который мало оглушать ещё слово разобрать итог пафос красота вокруг мюзикл хватать сделать некачественно очень дорого такой сырой поделка,Negative
мюзикл искусство коммерция успеть сдать верхний одежда ты подходить мальчик девочка предложение купить еда напиток шахматы зал ходить мальчик девочка реализовать место напиток снек время спектакль слышаться шелест обёртка звон бутылка такой платно фотозон платный копеечный шахматы продавать представление антракт мочь вход туалет сделать платный вопрос хотеться бесплатно просто очень навязчивый перебор особенно продажа еда зал огорчить касаться сам спектакль начало спектакль партия невнятный сложно разобрать текст приходиться прислушиваться место партер ряд динамика мало сложиться впечатление актёр устать спектакль игра галочка мюзикл мочь выделить партия это первый мюзикл который разочароваться,Negative
большой вопрос сценарий шоу нормально актёр голос музыка отличный,Negative
протяжение мюзикл хотеться уйти зал многий мюзикл плохой,Negative
постановка показаться скучный,Negative
подойти поклонник хороший пение примитивный музыка немного жаль потерянный время публика спектакль очень отличаться посетитель другой театр создаться впечатление больший часть зал бесплатно раздать билет,Negative
мюзикл хороший сюжет понравиться звук ребята коллективный партия разобрать одиночный прима супер коллективный партия это вообще понять слово второй точно пойти цена билет кусаться,Negative
антисоветчина шлифовать наш память жалко талантливый актёр такой соглашаться,Negative
красивый декорация песня просто отвратительный сюжет непонятный слово хоровой пение очень неудобный сидение,Negative
ходить год назад очень скучно прям очень хотеть уйти сюжет непонятный неинтересный слишком запутать рекомендовать просто сильно пиарить рекламировать данный мюзикл деньга потратить мюзикл стоить,Negative
это чёрный квадрат малевич видеть немой шедевр увидеть чёрный квадрат мюзикл очень сильно разрекламировать факт производить впечатление однотипный музыка орать она актёр уйти антракт,Negative
оценка значит плохо опоздать посещение мюзикл год музыка хороший чисто музыка х постановка танец аналогично костюм серый считать костюм трек бангкок воистину реклама двигатель торговля столько реклама антураж вокруг мюзикл хотя сильно устаревший нести никакой исторический действительность образ собирательный девятый ряд видно слышный первый ряд пять сидеть задрать голова так часто действие второй этаж оркестр вообще третий конец артист пропевать фамилия разобрать узнавать фотка фотограф приставуч навязчивый буфет дорога везде буте он сухой повезти,Negative
очень качественно невкроятный сучный,Negative
огромный сюжетный дыра ясный мотивация герой поступок хватить напряжение саспенс драма ради драма неинтересный видеть герой сопереживать элементарно ракскрытый актёрский игра исполнение высота повезти попасть казьмин стоцкий уйти антракт,Negative
ощущение большинство отзыв накрутить никакой это шедевр хороший постановка единственный отметить положительный это оркестр оркестр молодец браво остальной ужасно игра актёр оставлять желать хороший переигрывать наоборот песня фонограмма правда думать показаться окружающий начинать замечать актёр закрывать рот слово продолжаться становиться место ладный звучать половина случай паралельный голос каждый накладывание друг друг разобрать слово какафония весь спектакль понравиться сцена главный герой получать виза европа вон улыбнуть сцена американский шахматист рассказывать свой ужасный детство тьфу что вообще этот сцена мы знать ранний общий жалко ваш деньга время мочь сходить весь остальной ценить свой время проходить мимо поддерживать финансово вздор ставить ужасно расположение близость метро,Negative
понимать откуда столько положительный отзыв восхищение совершенно обычный мюзикл странный сюжет ранний мдм,Negative
ужасно слово нелепый музыка подходить петь посредственно зрелищно ярко сюжет слабоватый цеплять музыка единственный порадовать,Negative
течение первый половина мюзикл спасть хотеть уйти антракт подруга уговорить остаться второй половина пройти живой целое скучно сюжет очень слабый,Negative
сюжет оставить полный недоумение совершенно устаревший история сочинённый запад музыка красивый артист выкладываться исполнение ария высота главный герой красивый вроде должный хороший должный сочувствовать побег шок заранее читать либретто сказать антракт летний сын предать жена ребёнок страна сын полностью согласный спорт просто спорт поединок идеология победа турнир важный весь страна оговориться сергиевский вымышленный персонаж такой шахматист сам дело приникать экран крупный спортивный соревнование весь важно наш победить выиграть момент сбежать жить любой страна это прекрасно песня сергиевский любить родина восприниматься фальшь фарс почему это очень зацепить место просто развесистый клюква стать приводить пример очень спойлерить сюжет сочиняться америка запад условие холодный война подача событие именно такой бежать ссср любой цена хороший герой просто обязать бежать плохой побежать семья какой серьёзный проблема мочь положительный герой мочь подумать сбежать ради любовь это очевидный сюжет вообще сюжетный линия проработать плохо непривычно песня рифма думать оригинал переводить алексей иващенко мастер мюзикл норд ост который написать г васильев действительно грандиозный событие ждать такой уровень разочароваться сожаление видеть зацепить стать отговаривать сходить сходить составить свой впечатление,Negative
читать другой отзыв весь всё нравиться странно взгляд мюзикл хватать хороший запоминаться мелодия пожалуй бангкок крутиться язык выход театр игра артист безупречный эмоция передаваться зал первый ряд видно стоцкий плакать время сцена аэропорт костюм выразительный серый честно удивлённый премия ещё момент первый ряд удобный декорация двухэтажный артист петь второй этаж приходиться задирать голова потолок,Negative
неискушённый публика нормально негативный отзыв сюжет высосать палец согласный нужно заранее знать общий тональность крайне любить данный мюзикл ценитель слабовато мимо нота кардебалет асинхронный стоцкий партия тянуть главный герой эмоциален партия сценография хороший яркий,Negative
послать мюзикл друг уйти антракт стыдно себя обидно деньга время это зрелище бар крайне далеко театр мюзикл который смотреть ранее сходить анна каренин ленком ранний мдм мюзикл раз жаль почитать отзыв первый купить сравнить,Negative
бездарнвть сценарий бездарный музыка средний вокал уйти первый акт невыносимый скучно единственный плюс изобретательный сценография видный приложить усилие хороший постановщик неприятно поразить чрезмерный коммерциализация событие включая запрет делать собственный фотография фон шахматный инсталляция холл навязывание ррофессиональный услуга фотограф каждый шаг навязывание бронь столик буфет время антракт полный предоплата главное ужасный спектакль рекомендовать,Negative
ожидать сам дело больший громкий реклама весь город мюзикл оказаться довольно посредственный песня впечатлить сам актёр единственный яркий пятно анастасия стоцкий который буквально тянуть весь спектакль особо добавить нечего,Negative
сходить специально приподнять настроение новогодний праздник смочь досмотреть ю половина постановка покинуть дворец впечатлить,Negative
понятно интересно уйти первый действие,Negative
мюзикл быть год прошлое столетие идти запад история американский советский гроссмейстер звание чемпион мир прообраз корчной фишер карпов обойтись советский гебистовый зимний шапка пьющий стакан водка отличный актёр шикарный голос потрясать хореография грандиозный декорация звук отвратительный тест невозможно понять хотя сидеть ряд первый разочаровать,Negative
сценарий сюжет вообще менее раскрыть атигерой,Negative
никакой яркий эмоция оставить мьюзикл актёр петь отлично песня цеплять совершенно качество звук оставлять желать хороший прям троечка рекомендовать друг стать,Negative
сюжет игра актёр музыка постановка сцена песня ужасный ужасно сам начало первый сцена слышать дышать актёр микрофон думать поправить однако начать замечать другой непонятный деталь итог оказаться тупо тухнуть бессмысленно чувство прекрасный речь,Negative
скучно ужас ходить бродить угол угол смочь досмотреть встать уйти,Negative
антракт круто такой чувство сценарий писать разный человек второй акт гораздо плохой первый итого,Negative
скучно нудно крик х час жаль потрачнный время деньга,Negative
ожидать больший сюжет факт мюзикл любовь очень затянутый конец хотеться уйти,Negative
мюзикл приятный нескучный однако рассчитывать похожий музыка абба иметь вид автор сказать исполнитель вытягивать спектакль далёкий заслуживать собственно музыка музыка голос хореография особенно великолепный партийный тётка советский делегация,Negative
приобрести билет реклама участие анастасия стойка итог спектакль другой актриса какой объявление замена актриса очень неприятно платить деньга разрушить ожидание взгляд спектакль прямо хватать типаж стойка хотя целое спектакль замечательный,Negative
постановка вдохновить читать реклама отзыв мюзикл завораживать,Negative
очень настораживать большой количество хороший отзыв это поклонник незатейливый творчество анастасия стоцкий драматургия мюзикл уровень школьный спектакль такой впечатление текст партия незатейливый поэтически вокальный актёр додумывать ход растягивать такт последний слово мотив поступок герой понятный бессмысленный сопереживать порадовать лишь визуальный картинка общий красиво ярко внутри сольник главный героиня,Negative
очень масштабный постановка декорация впечатлять актёр подобрать особенно хотеть отметить александр бобров номер поставить отлично мюзикл очень растянутый мало запоминаться песня главное герой переживать хотеться любовный история скучный,Negative
добрый день посетить мюзикл ноябрь семья сказать скоротать вечер пожалеть сходить особый восторг испытать обидно факт купить билет недорогой руб захватить сюжет исполнение стоить тот реклама который сделать дать мюзикл понравиться выступление оркестр сам инсталляция красочно фундаментально остальной будоражить народ зал достаточно несмотря ограничение каждый угол стоять проф фотограф предлагать свой услуга этот шанс сделать селфи фон шахматы интересный композиция свести нуль,Negative
красочно динамично громко неожиданный развязка понять швед русский душа,Negative
описать мюзикл прочитать негативный отзыв послать мюзикл прочитать положительный отзыв купиться знаменитый имя понравиться слово сюжет отдельный песня место понятный слово игра никакой мдм неприятно удивить коробейник алкоголь зал это безумие какой выкрикивание персонал одеть маска назойливый фотограф пускать зона фотографирование неприятный осадка такой культурный выход свет билет брать немаленький деньга общий рекомендовать,Negative
мюзикл досмотреть конец советовать просмотр друг знакомый быть отношение зритель начинаться реклама который соответствовать действительность участие стоцкий мюзикл,Negative
актёр хороший половина слово быстрый композиция совершенно понятный заявить анонс мы произойти эмоциональный накал происходить сцена зашкаливать драма любовь ненависть верность измена победа поражение предательство патриотизм всемирный признание полный одиночество основать реальный событие недавний прошлое история страна просто оставить зритель равнодушный происходить сцена вызывать никакой эмоция второй акт стать откровенно скучно уйти уважение актёр,Negative
сколько зарекаться завязать мюзикл тот грабли итак поехать очень красивый музыка голос прекрасный бархатный баритон кирилл гордеев роль анатолий сергиевский супруг светлана юлия ива увы далёкий минус сюжет просто раздражать очередной поливание грязь мой родина говориться смешать куча получиться бог знать текст вообще отдельный ужас очень понравиться стоцкий драматический актриса никакой петь команда уметь тянуть одеяло команда музыкально несколько красивый дуэт который хотеться слушать поскольку благодаря полный какофония спектакль поймать мысль поменять место юлия ива здорово короче такой спектакль отбивать желание ходить театр,Negative
сюжет понравиться,Negative
второй идти хотеться,Negative
петь прекрасно постановка динамичный единственный всё классика тяжело воспринимать мюзикл такой любитель цель знакомство современный постановка самый,Positive
мюзикл класс музыка актёр дирижёр кудрявцев жанна всё супер,Positive
мы жена понравиться,Positive
волшебный постановка ходить подруга оба остаться восторг поплакать посмеяться очень рада выдаться возможность попасть скоро конец игра высота голос прекрасный танец хороший сюжет достойный общий всё нужно мюзикл,Positive
вчера ходить мьюзикл шахматы хотеться очень поблагодарить актёрский состав режиссёр световик постановщик трудиться мьюзикл впечатление остаться потрясать очень жаль скоро закрытие надеяться скорый время ждать ещё подобный мьюзиклов такой постановка,Positive
гениальный музыка комбинация номер постановка александр бобёр юлия ива александр матрос великолепный волшебный исполнение роль любить,Positive
третий очень хотеть посмотреть флоренса исполнять юлия чураков слышать это хороший флоренса хотеть убедиться это человек врать это чистый восторг великолепный,Positive
мюзикл хороший оркестр декорация работа ансамбль ребята молодец солист преимущественно хороший юлия ива стас беляев александр казьмин анна гученкова определённо стоить увидеть видимо конец прокат мюзикл приесться зритель зал практически пустой сидеть ряд мы никто часто театр служба зал такой случай предлагать пересесть близкий мы удобный надеяться артист переживать прекрасный достойный полный зал,Positive
смотреть ряд очень понравиться сценография режиссура браво мезансцена посольство шедевральный голос великолепный особо выделить партия главное герой жена солист ансамбль очень точный документальный кадр хроника создавать атмосфера попадать цель это история боби фишер спасский это сложный история выбор талант свобода долг жертва любовь реальность человек попадать такой ситуация самоуничтожаться это трагичный ситуация мюзикл позволить сложность восприятие некоторый партия одновременно петь герой очень понятный текст ансамбль нужно тренировать ухо благодарить весь коллектив мужество отдача играть это дать мы весь реальность особенно тот род украина жизнь должный продолжаться шоу смотреть рекомендовать весь мыслящий любящий мюзикл,Positive
редко писать отзыв решить всё таки написать знакомый это мюзикл ещё российский постановка нравиться музыка английский владеть плохо сюжет весьма приблизительный представление очень рада наш страна поставить мюзикл очень понравиться восторг ходить видеть разный состав актёр конкретно актёр высказываться быть считать всё индивидуально кто душа прийтись кто любой случай видно актёрский состав подобрать очень тщательно лично открыть несколько актёр творческий биография который быть интересоваться команда мюзикл проделать огромный работа хотеться отметить труд актёр музыкант также оригинальный идея задумка режиссёр прекрасно реализовать сцена касаться сам произведение мюзикл бесподобный спасибо автор также переводчик который адаптировать оригинальный произведение русскоязычный зритель красивый музыка многолинейный сюжет затрагиваться такой тема любовь слава власть также тема родина жаль данный спектакль скоро быть показывать удовольствие сходить ещё,Positive
очень понравиться актёр голос танец костюм оркестр всё очень достойно стильный образ герой отличный декорация сидеть ряд видно отдача играть актёр слеза страдание любовь ненависть всё переживать вместе они понравиться сюжет начало ознакомиться ещё обсуждать супруг общий рекомендовать казаться актулен наш время спасибо весь причастный создание браво,Positive
посчастливиться попасть шахматы конец сезон второй мюзикл оба раз смотреть один дыхание удаться посмотреть исполнение разный состав артист оба раз исполнение высота впервые видеть оркестр расположить сцена это удивить слаженный хореография крутой хор поразить анастасия стоцкий человек огромный актёрский харизма глаз оторвать она спасибо мдм такой мощный проект ждать новый спектакль,Positive
прекрасный мюзикл впечатлить оркестр необыкновенный музыка какой талантливый артист знак другой спектакль кто открывать впервые здорово спасибо весь команда незабываемый вечер,Positive
мдм продолжать радовать высокий уровень постановка лёгкий настроение прекрасный голос актёр невероятный вокал анастасия стоцкий буквально мурашка забавный актуальный текст песня идеально поставить танец труппа великолепный аккомпанемент оркестр сюжет это дело вкус,Positive
мюзикл просто потрясать сюжет актёр музыка это оркесть очень впечатлить песня сопровождаться живой музыка яркий номер номер печатный машинка стать мой любимый сюжет мюзикл показаться незаконченный хотеться ещё надеяться продолжение точно сходить ещё,Positive
спектакль очень понравиться довольно динамично красочно отдельный спасибо живой музыка живой пение непередаваемый эмоция,Positive
грустно шахматы заканчиваться многий мюзикл москва шахматы входить топ который однозначно рекомендовать сходить история актуальный поэтому брать живой вытряхивать душа наизнанку бесконечно жаль каждый герой сергиевский который ради свобода вынудить бежать жена светлана оставить совершенно один одиношенький против суровый система ссср прощать предательство флоренса отдать сначала избаловать эгоист человек который её старание оценить трампер который настолько бояться проигрывать разом бросить карьера поражение конец второй акт анатолий прощаться флоренса подумать наверно весь сергиевский вообще существовать однако помимо сюжет который копаться бесконечно выцеплять аналогия ещё потрясать ансамбль который постановка многое потерять живой музыка оркестр прочить далеко мюзикл услышать именно оркестр очень хватать шахматы будущее удаститься сходить снова,Positive
актёр работать просто потрясающе столько эмоция восторг,Positive
очень понравиться действительно легендарный музыка большой московский сцена особенно главный герой истинный профессиональный спортсмен хотя каждый герой личный трагедия который проживать герой ария фредди рыдать весь рядом столько эмоция испытывать давно очаровательный флоренса юли ив впервые видеть её сцена столько энергия прекрасный постановка хотеться пересмотреть каждый возможный состав,Positive
недавно шахматы это просто восторг масштаб просто поражать действо настолько захватывать внимание замечать пролетать время печально конец прокат смочь посмотреть невероятный спектакль,Positive
недавно второй посетить замечательный мюзикл вновь поразить просто зашкаливать профессионализм творческий коллектив посмотреть потрясать состав кирилл гордеев юлия ива елена назаров кабахидзе александр бобров александр маракулин денис демкивый ансамбль безупречный главное действовать лицо мюзикл оркестр нотка нотка браво браво евгений загот,Positive
такой эмоция испытывать один мюзикл это восхитительно это момент пропадать дар речь советовать открыть актёр александр бобров безумно хотеть попасть мюзикл именно участие,Positive
сильный спектакль яркий артист потрясать образ стоцкий флоренса великолепный светлана елена кобахидзе это никто оставить равнодушный проникновенный история любовь политика игра смелость весь рекомендовать посетить,Positive
просто волшебный мюзикл вокал танец свет костюм всё идеально мурашка спасибо огромный актёр постановщик,Positive
великолепный мюзикл смысл истинный восторг искренний рекомендация посещение это честно,Positive
это мой быть шахматы очень жаль месяц спектакль закончиться потрясать актёр суханов стоцкий казьмин назаров кобахидзе божественный слаженный ансамбль слушать вокал смотреть танец который бесконечно прекрасный сценография режиссура очень советовать весь откладывать поход терять шанс покупать билет пока сюзикл москва низкий поклон весь создавать такой шедевр наш страна,Positive
мюзикл высокий уровень очень понравиться особенно он артист безупречный музыкальный репутация больший сценический опыт спасибо шоу,Positive
шикарный представление испытать огромный удовольствие поход высокий уровень актёр музыкант обязательно посоветовать друг родственник,Positive
сентябрь час стоцкий стройный рыжий голосистый кирилл гордеев красивый высокий подходить роль главное герой очень александр бобёр шик блеск красота переиграть,Positive
мюзикл просто потрясать остаться больший впечатление великолепный актёрский состав какой голос просто мурашки кожа второй акт сразиться наповал браво,Positive
прекрасный мюзикл актёрский игра постановка танцевальный номер музыка прекрасно всё,Positive
сказать мы просто понравиться мюзикл шахматы сказать начинать игра актёр заканчивать невероятный внимание сторона зрительный зал человек сидеть полный восторг высота потрясать постановка великолепный исполнение песня ценитель музыка смочь заметить главный второстепенный роль показать свой невероятно высокий мастерство вокалист актёр танцор браво спасибо чудесный музыкальный спектакль обязательно прийти ещё,Positive
чудесный мюзикл великолепный актёр красиво мощно пронзительно поражать воображение всё потрясать голос шикарный звучание живой оркестр яркий герой впечатляющий костюм декорация сам очень интересный уникальный постановка подниматься животрепещущий актуальный тема преданность долг предательство борьба личный амбиция любовь который ещё сильный обостряться напрячь ситуация мир приходиться выбирать важный благодарить человек который участвовать создание мюзикл это профессионал высокий уровень,Positive
восхитительный мюзикл завораживать голос красивый актёр прекрасный постановка игра свет смена декорация затрагиваться глубокий тема семья верность одиночество страх жажда победа реальный история который достигнуть апогей невероятный мюзикл рекомендовать весь обязательно всё высокий уровень впечатлять разум сердце благодарить принимать участие создание чудо,Positive
великолепный мюзикл безумно брать душа роль сам юлия ива спасибо такой восхитительный момент ваш мюзикл,Positive
спасибо большой весь артист служба ваш труд потрясать голос невероятный декорация очень чувственный настоящий история любовь удовольствие быть рекомендовать ваш мюзикл свой друг,Positive
первый спектакль каждый восторг восхищение потрясать артист легендарный музыка исполнение оркестр хореография режиссура сценография высокий уровень особенно хотеться отметить ансамбль спектакль артист работать супер профессионально рекомендовать упустить возможность увидеть мюзикл шахматы это незабываемый,Positive
очень понравиться спектакль актёр игра голос время мёрзлый мурашка эмоция советовать одеться тёплый оркестр балл костюм сцена декорация балл насчёт сюжет очень понравиться жена шахматист сильный вольный статный голос убаюкать думать понять мюзикл понятно интересно второй часть это нечто,Positive
спектакль супер музыка очень сильный сложный костюм бомба актёрский состав слово настолько талантливый трогательный мой каждый крепко обнимать спасибо творчество отдача,Positive
замечательный мюзикл музыка эффект вокал высота подбор игра актёр впечатлять особенно мужской роль сложно сделать мюзикл который цеплять каждый близкий многий тема автор мюзикл это удаться,Positive
это великолепно захватывать игра актёр эмоция захватывать вокал артист игра оркестр декорация впечатляющий спасибо получить эмоция всё это очень впечатлить,Positive
великолепно отличный музыка талантливый состав рекомендовать,Positive
спектакль прекрасный сегодня очень важный сегодня хотеться поделиться сюжет мысль сначала нужно это увидеть очень сильно любовь очень сильно выбор такой личный личный честной выбор потрясать голос,Positive
прекрасный мюзикл ходить безумно нравиться шикарный игра актёр эмоция непередаваемый однозначно рекомендовать просмотр,Positive
потрясать действо невероятно талантливо актёрский игра выше похвала эстетический наслаждение зашкаливать человек который это всё придумать сделать просто гений нужно идти смотреть прекрасный послевкусие преследовать ещё очень долго лично пойти ещё,Positive
прекрасный вечный музыка великолепный исполнение великолепный адаптация супер вокалист захотеться снова переслушать оригинал сделать возвращение домой спасибо большой праздник,Positive
великолепный мюзикл динамично интересно зрелищно игра актёр декорация сюжет костюм всё отлично однозначно советовать просмотр,Positive
впечатление самый приятный просто сложно музыка сложный партия сложный голос прекрасный очень хотеть попасть именно стоцкий петь чудный голос прекрасный актриса добавить нечего стоцкий прекрасный актриса юлия ива играть светлана восторг зашкалить голос совершенно чудный голос прочесть программка звёздный российский состав работать российский версия евгений писарев режиссёр постановщик стоить неудивительный продолжительный успех спектакль опера,Positive
драматичный нетривиальный сюжет музыка который заставлять сопереживать пританцовывать сильный голос впечатляюший декорация костюм свет игра актёр который затрагивать живой заставлять верить однозначно стоить посетить,Positive
август сие год дружный компания побывать мюзикл шахматы наш ожидание оправдаться процент удовольствие получить прекрасный игра актёр шикарный музыка бесподобный декорация оркестр впечатлить особенно постановка начало конец держать напряжение весь большой спасибо прекрасно провести время дальнейший послевкусие увидеть,Positive
очень понравиться актёр который суметь передать быть спектакль огромный спектор эмоция красивый зал хороший вокал эмоциональный артист весь рекомендовать,Positive
отличный стильный мюзикл отличный работа артист оркестр кстати интересный задумка парить оркестр тот служба сюжет держать напряжение час минута некоторый номер прямо очень актуальный советовать весь сходить,Positive
весь весь весь рекомендовать просмотр отлично провести вечер очень понравиться проникнуться история жизнь главный персонаж,Positive
понравиться особенно светлана сергиевский исполнение елена назаров кобахидзе смотреть один дыхание,Positive
отличный мюзикл получить масса удовольствие просмотр динамичный спектакль хороший музыка замечательный игра актёр весь советовать сходить,Positive
август сходить спектакль восторг игра актёр понравиться исполнение актриса который играть светлана целое весь состав актёр сильный весь советовать посетить мюзикт,Positive
август посетить мюзикл шахматы сей пора впечатление игра актёр сильный состав мощный вокал шикарный музыка,Positive
красивый декорация костюм очень талантливый артист браво,Positive
добрый день искренне весь душа благодарить мьюзикл испытать неизгладимый впечатление игра актёр голос атмосфера сцена зал благодарить позитив чувство патриотизм лицо сергеев особенно запомниться игра актёрский мастерство елена кобасидзе огромный удовольствие посетить ещё благодарить,Positive
август благодаря рекомендация хороший друг попасть шахматы великолепно звук свет артист музыкант огромный спасибо эмоция евгений александр,Positive
получить неповторимый впечатление спектакль шахматы сценография постановка номер игра актёр тонкий глубокий музыка это восхищать оставлять равнодушный яркий история главное герой сергиевский это напоминание история великий страна целый эпоха очень понравиться игра солист отдельный благодарность солистка елена кобахидзе роль светлана спасибо возможность прикоснуться современный искусство это хороший мьюзикл который смотреть,Positive
очень понравиться мюзикл невероятный выступление артист красивый декорация голос танец огонь особенно номер бангкок,Positive
отличный мюзикл интересно подросток год рекомендовать,Positive
посетить мюзикл шахматы очень атмосферный артист оркестр работать высокий уровень звук свет декорация разный эффект расширять возможность восприятие сценический пространство весь большой спасибо провести прекрасный вечер анастасия стоцкий прекрасный,Positive
восхитительный спектакль мурашки кожа музыка свет композитор музыкант художник свет сделать спектакль получиться такой талантливый актёр видеть столько замечательный артист один сцена танцевать петь возникать ощущение халтурить молодец,Positive
мюзикл шахматы невероятный проект оркестр парить это вообще безумие восторг музыкальный материал мочь повторить пропеть тема спектакль эмоция маленький трио переход квартет участие андрей школдыченко произвести сегодня огромный впечатление образ молоков вроде главный персонаж очень внимание привлечь неоднозначный сыгранный правдивый мужск александр суханов живо тонко забывать театр роль светлана исполнять выше похвала дикция интонация такой природа голосовой аплодировать стоя уставать восхищаться артист ансамбль ребята чудесный смотреть раз проживать спектакль практически каждый день благодарить один артист заметить почувствовать усталость называться приесться словно первый единственный каждый браво,Positive
первый дочь мюзикл очень понравиться отличный постановка шикарный игра актёр атмосфера супер спасибо отличный вечер советовать посетить,Positive
прекрасный игра пение актёр полный сочетание роль отличный сценарий превосходный музыкальный сопровождение остаться восторг,Positive
огромный удовольствие ствие посмотреть спектакль интересный сценография прекрасный музыка талантливый исполнитель сюжет напрячь игра главный герой завораживать увлекать протяжение спектакль держать напряжение главное украшение мюзикл анастасия стоцкий восхитительный владение голос умение передать тонкий эмоция героний достойно высокий похвала хотеться пожелать молодой талантливый труппа большой такой яркий успешный роль работа огромный спасибо доставить удовольствие,Positive
вчера сходить дружный компания мюзикл шахматы просто восторг начинать холл заканчивать сцена декорация актёр оркестр очень ярко эффектно анастасия стоцкий увидеть услышать сторона приятный удивить просто огонь получить огромный удовольствие постановка повториться игра актёр весь большой спасибо весь удача хороший роль классный постановка,Positive
мюзикл шахматы невероятный проект оркестр парить это вообще безумие восторг музыкальный материал мочь повторить пропеть тема спектакль эмоция маленький трио переход квартет участие андрей школдыченко произвести сегодня огромный впечатление образ молоков вроде главный персонаж очень внимание привлечь неоднозначный сыгранный правдивый мужск александр суханов живо тонко забывать театр артист ансамбль ребята чудесный смотреть раз проживать спектакль практически каждый день благодарить один артист заметить почувствовать усталость называться приесться словно первый единственный каждый браво,Positive
мюзикл поражать свой масштаб очень красивый костюм талантливый артист,Positive
второй весь семья посетить мюзикл шахматы первый это взрыв мозг слаженный работа оркестр артист технический служба всё высокий уровень второй глубокий погружение актёрский игра слово андрей школдыченко серый кардинал очаровательный улыбка ирония который исходить угроза чудесно продумать сыгранный образ молоков александр суханов дважды играть дважды сидеть боль голова переживать выбор браво роль светлана петь это хороший женский голос восхитительный актёрский состав ансамбль огромный спасибо ваш труд,Positive
любимый мюзикл смотреть несколько язык считать этот постановка самый хороший,Positive
это потрясать зрелище самый качественный грандиозный шоу данный момент,Positive
браво спасибо возможность час уйти обыденность главное сколько смотреть ждать сергиевский принять решение каждый искренне радоваться выбор сцена наш выпивать шедевральный сыграть мочь оставить никто равнодушный мой этот сцена сорвать самый больший аплодисменты зал,Positive
александр суханов спасибо один сторона настоящий мужчина борец вызывать такой сострадание желание помочь всё настоящий андрей школдыченко знать богатырь везде разный везде замечательный загот дирижёрский пульт уверенность чёткость оркестр брависсимо,Positive
сплошной эмоция спектакль поплакать посмеяться чудесный постановка чаровать голос великолепный песня история утратить актуальность браво,Positive
это воскресение ходить шахматы снова самый сердце очень волнительный красиво трогательно фееричный каждый должный увидеть шедевр,Positive
прекрасный мюзикл замечательный актёрский состав отличный оркестр герой сопереживать сам последний минута спасибо,Positive
мюзикл шахматы это первый мюзикл который удаться посетить смотреть сравнивать артистичность музыка игра актёр прошлое мюзикл который уверенность мочь сказать мюзикл шахматы это хороший культурный досуг спасибо большой актёр музыкант чудесный вечер,Positive
восхитительный мюзикл потрясать артист бежать смотреть пока ещё идти москва пропустить это,Positive
замечательный мюзикл потрясать атмосфера театр артист произвести огромный положительный впечатление удивить вокальный дать каждый одновременно танцевать петь оркестр герой сидеть потолок играть час это настоящий круто,Positive
шахматы полный восторг прекрасный состав артист оркестр крыша эмоциональноубедительноярко огромный удовольствие настоящий подарок огромный спасибо ребята советский машина вперёд,Positive
сегодня побывать мюзикл шахматы ходить жена ребёнок получить куча положительный эмоция остаться восторг интересный сюжет впечатляющий игра актёр ребёнок отсмотреть часть один дыхание очень насыщенно меняться декорация перевоплощаться актёр это держать напряжение сам финал очень рекомендовать посещение весь семья,Positive
сходить жена замечательный мюзикл восторг артист сцена голос просто супер,Positive
тонкий умный очень качественный мюзикл хотеться посетить ещё увидеть новый линия сюжет великолепно поставить номер услышать оркестр музыка высокий уровень почувствовать этмосфера время эмоция актёр,Positive
мюзикл шахматы один удовольствие смотреть слушать прекрасный постановка номер замечаесть выстроить композиционно всё музыкально разложить голос танец всё отлично сложиться благодарить постановочный команда артист мюзикл,Positive
отличный мьюзикл ходить совет,Positive
это хороший мюзикл который год московский сцена главное действовать лицо бесподобный музыка бенний андерсон бьорный ульвеуса авва шикарный каста хороший актёр жанр стоцкий бесподобный роль американка флоренса раскрыться певица актриса заслуженно дать золотой маска это высокий уровень режиссура хореография свет звук всё оркестр отдельный восторг сюжет небанальный задуматься однозначно весь рекомендовать повышение свой культурный уровень,Positive
мюзикл попадать разный состав каждый разом нравиться потрясать работа артист актёрский игра вокал хореография оркестр высокий уровень немногий спектакль который хотеть попасть хотеться пожелать удача весь команда продолжать радовать зритель,Positive
любимый артист любимый площадка любимый музыка сойтись мюзикл особенно радовать ансамбль мюзикл каждый острохарактерный яркий индивидуальность просто мощный энергия прийти ещё ещё,Positive
очень понравиться позитивный эмоция огромный спасибо,Positive
мюзикл шахматы просто великолепный это первый мюзикл который посмотреть получить куча положительный эмоция думать остаться такой замечательный певец голос выше всякий похвала насколько легко петь тянутый пение просто потрясающе интересный понятный сюжет игра декорация костюм пение завораживать время пролететь заметно полностью увлечь мюзикл весь советовать посмотреть получить масса замечательный эмоция,Positive
ходить февраль год попасть стоцкий казьмин шикарный сказать идти знание многий песня оригинал наш перевести понравиться знать ещё добавить отдельно хотеть добавить перевод очень хороший работа проделать песня звучать живой слушать самостоятельный единица неделя идти ещё надеяться всё такой высокий уровень,Positive
саня казьмин петь хорошечный спектакль хороший задумка хороший актёрский состав хороший,Positive
мюзикл шахматы особенно голос гордеев стоцкий ив ю казьмин оставить несгладить впечатление декорация использование led экран разный костюм каждый песня заметить любовь деталь пиджак судья шахматы исполнение фёдоров крупный атласный шашка передать атмосфера советский союз строгий костюм движение время танец мелодия песня особенный комплимент костюм дама костюм юбка пиджак парик стиль матвиенко приятно провести культурный вечер,Positive
очень красочный постановка дико понравиться сценография решить спектакль декоративный спектакль очень красивый очень понравиться ансамбль человек отдаваться полностью включить спектакль понравиться парень играть американский шахматист немой чистый искренний,Positive
очень понравиться мюзикл получить масса впечатление увидеть услышать высота,Positive
безумно понравиться спектакль,Positive
хороший мьюзикл очень понравиться,Positive
великолепный мюзикл очень понравиться,Positive
блестящий ансамбль мощный музыка сходить точно пожалеть,Positive
смотреть третий полный восторг разный состав артист нравиться рекомендовать весь,Positive
очень понравиться спектакль великолепный голос прекрасный музыка костюм рекомендовать просмотр,Positive
прекрасный мюзикл больший оркестр отличный артист смотреть интересно слушать разный состав костюм любить смешно бангкок пальто ходить,Positive
шахматы очень красивый мюзикл потрясающе красивый музыка увлекательный сюжет уровень шахматы голова выше мюзикл который идти москва это музыка текст сюжетный драматический составлять отличный игра актёр ансамбль посещение шахматы оставить самый приятный воспоминание,Positive
прекрасный мюзикл шахматы мдм очень порадовать музыка актёрский состав отличный центральный персонаж ансамбль вокал сюжет беспроигышный вариант хотеться провести вечер час погрузиться мир театр,Positive
провести прекрасный вечер мюзикл захватывать пронзительный актёр один создавать это волшебство безумный голос декорация актёр который групповка создавать атмосфера каждый талант каждый видно александр космачёв вообще сиять сцена общий это масштабный классный шоу который создавать праздник каждый зритель спасибо весь создатель,Positive
прекрасный мюзикл оставить очень сильный впечатление просмотр представлять настолько увлекательно показать размеренный спокойный игра вроде шахматы страсть сцена кипеть нешуточный захватить происходить сцена оба акт пролететь один дыхание сцена аэропорт тв шоу поставить настолько правдоподобно момент забывать находиться театр смотреть сцена заглядывать реальный зал ожидание телеэкран великолепный музыка голос артист просто покорить некоторый мелодия спустя несколько день выходить голова приятно театр публиковать запись некоторый номер удовольствие пересмотреть переслушать поздний жаль афиша написать последний неделя показ такой хороший вещь искренне хотеться вернуться снова однозначно быть рекомендовать друг знакомый,Positive
спасибо профессионализм блестящий исполнение самый искренний эмоция,Positive
красивый музыка замечательный адаптировать перевод искромётный ансамбль замечательный актёрский состав великолепный оркестр отличный декорация свет прекрасный мягкий комфортный звук большой спасибо создатель весь участник спектакль,Positive
актёрский игра высота вокальный мастерство юлия ива бесподобный грамотный эмоциональность прекрасный голос мастерский владение это инструмент сюжет заставить скучать просмотр время пролететь незаметно отдельно хотеться отметить прекрасный декорация костюм,Positive
отличный мюзикл особенно второй часть исполнение эмоциональный живой очень профессиональный постановка жаль снимать яркий момент,Positive
потрясать спектакль это случай сложиться актёрский игра потрясать оркестр огромный декорация свет звук петь рекомендовать мюзикл душа каждый должный увидеть,Positive
остаться больший впечатление ранний он слышать слушать песня поэтому всё новый хороший голос артист прекрасный декорация поставить танец всё вкус,Positive
спасибо весь причастный подарить эмоция впечатление спектакль превосходный,Positive
посмотреть спектакль понять один хотеться оказаться вместе артист сцена почувствовать это единение ощутить эмоция увидеть восторженный глаз зритель актриса поэтому смотреть всё зал великое произведение это единение артист сцена хореография вокал завораживать безумно понравиться отдельно существующий артист большой коллектив это чувствоваться зал каждый петь главный героиня мюзикл один невероятный эмоция остаться просмотр,Positive
мюзикл шахматы российский сцена это подарок удивительный возможность свой глаз окунуться легенда спасибо создатель проект артист описать слово чувство который наполнять проходить вместе герой путь протяжение весь история это большой шоу сцена ансамбль точно выстроить поп хор голос,Positive
ходить шахматы июль классный атмосфера отличный музыкант прекрасный голос,Positive
интересный сюжет мюзикл любить тема шахматы противостояние советский американский шахматист этот тема захватывать очень любить фильм вроде жертвовать пешка ход королева целое любить игра всё связать,Positive
крутой проект,Positive
великолепный мюзикл очень понравиться задумка оркестр расположить этаж декорация очень необычно интересно обычно оркестр сидеть оркестровый яма видно возможность рассмотреть музыкальный инструмент музыкант дирижёр очень понравиться актёр играть арбитр,Positive
хороший история интересный главный герой отличный артист играть роль американский шахматист,Positive
потрясать мюзикл великолепный голос чудесный визуальный ряд оркестр купить билет родитель хотеть посмотреть обязательно,Positive
удивительный мюзикл потрясать работа ансамбль насколько точно сыграть мизансцена юмор хореография восторг поп хор это отдельный сорт эстетический удовольствие это настоящий шоу феерия слеза радость переживание спасибо большой создатель артист воплощение легенда российский сцена,Positive
один слово браво,Positive
это обязательно посмотреть,Positive
любить мюзикл большой компания позапрошлый неделя остаться впечатление очень интересный голос александр бобров который играть американский шахматист,Positive
крутой мюзикл,Positive
хороший добротный мюзикл приятно удивить узнать песня номер бангкок,Positive
потрясать история очень интересный сюжет противостояние два система два шахматист интересно захватывающий музыкально музыка очень понравиться текст оркестр наверху гениально,Positive
первый мюзикл очень понравиться прекрасный игра актёр живой музыка это доставить огромный удовольствие,Positive
посетить данный мюзикл подруга остаться огромный впечатление работа актёр феноменальный чёткость слаженность танцевальный номер эмоция лицо каждый время вокальный соло выступление мюзикл такой масштаб впервые казаться влюбиться декорация восхитительный минималистичность мебель многоярусность венец наивосхитительнейший оркестр восхитительно прекрасно прекрасно подобрать актёр поставить свет подобрать музыка костюм представление отменный,Positive
посетить муж мюзикл шахматы несмотря муж очень далёкий музыка очень понравиться оба начинать фойе настраивать предстоящий спектакль прекрасный музыка исполнение отличный оркестр исполнитель прекрасный музыка отличный костюм правильный организация спасибо коллектив доставить удовольствие обязательно прийти новый спектакль,Positive
очень восхитить голос игра режиссура очень понравиться советовать,Positive
мюзикл раз видеть взгляд никакой призрак опера сравниться мюзикл шахматы шахматы масштаб отличный зрелище интересный сюжет пробирать музыка,Positive
безумно любить мюзикл готовый смотреть бесконечно,Positive
великолепный мюзикл всë высокий уровень красивый музыка голос костюм сцена первоклассный освещение ещё несколько день просмотр прослушивание голова всплывать отдельный сцена мелодия напеваться сам себя идëт ребëнкома готовиться объяснить почему сцена дядя борода юбка каблук один сцена всë время минус мочь отметить ковролин зал плачевный состояние время время басовый перебивать голос петь это мешать настроиться сюжет расслышать чëм петь сидеть партер справа однако общий впечатление остаëться высокий уровень,Positive
безумно понравиться спектакль игра актёр музыка сюжет восхитительно исполнить весь советовать время просмотр пролететь один слово браво,Positive
отличный мюзикл суперскай игра актёр незабываемый впечатление,Positive
легендарный музыка суперпрофессиональный актёр крутой постановка,Positive
мало танец главный мелодия шлягер,Positive
шахматы интересовать любить мюзикл заставить сходить остаться восторг это нереально крутой шоу масштаб просто нереальный декорация костюм,Positive
потрясать мюзикл отличный голос артист всё очень понравиться звук отличный,Positive
блестяще дивный музыка бенний бьорный шикарный постановка получить огромный удовольствие неожиданно сторона открыть анастасия стоцкий спасибо большой команда мюзикл,Positive
посетить муж мюзикл шахматы несмотря очень далёкий музыка очень понравиться оба начинать фойе настраивать предстоящий спектакль прекрасный музыка исполнение отличный оркестр исполнитель прекрасный музыка отличный костюм правильный организация спасибо коллектив доставить удовольствие обязательно прийти новый спектакль,Positive
подруга день рождение подарить билет мюзикл шахматы видеть реклама город просмотр прочитать описание отзыв идти мюзикл честно говорить немного скептический настрой поразить глубина душа испытать гамма разный чувство конец плакать стоить отметить прекрасный игра актёр живой оркестр обнажить самый потаённый струна душа мюзикл удаться испытать давно забытый чувство интересный история вернуться домой смотреть архивный видео заинтересовать сам этот лав стори прецедент венгрия год который упоминаться мюзикл эпизод отец главный героиня мюзикл нести столько развлекательный зерно культурный просвещение расширение кругозор зритель музыка ария мюзикл стать фаворит мой ежедневный плей лист рекомендовать свой друг сходить замечательный мюзикл мама подарить билет удовольствие посмотреть ещё,Positive
шикарный музыка классный актёр приятный атмосфера,Positive
посетить данный мюзикл подруга остаться огромный впечатление работа актёр феноменальный чёткость слаженность танцевальный номер эмоция лицо каждый время вокальный соло выступление мюзикл такой масштаб впервые казаться влюбиться декорация восхитительный мэннинга огромный кулиса который действовать фон минималистичность мебель многоярусность венец наивосхитительнейший оркестр восхитительно прекрасно прекрасно подобрать актёр поставить свет подобрать музыка костюм представление отменный театр помпезный чистый персонал вежливый приветливый огромный спасибо,Positive
